"","taxonomic_id","scientific_name"
"1",-6,"unidentified epifauna"
"2",-5,"unidentified epiphytes"
"3",-4,"unidentified epibionts"
"4",-3,"unidentified SAV"
"5",-2,"unidentified fouling"
"6",-1,"unidentified macroalgae"
"7",0,"no species observed"
"8",0,"NOT PRESENT"
"9",0,"Debris"
"10",51,"Mollusca"
"11",55,"Polyplacophora"
"12",101,"Gastropoda"
"13",101,"Gastropoda spp."
"14",105,"Bivalvia"
"15",105,"Bivalvia spp."
"16",111,"Fissurellidae"
"17",120,"Hydrobiidae"
"18",123,"Rissoidae"
"19",126,"Caecidae"
"20",127,"Turritellidae"
"21",127,"Turritellidae"
"22",128,"Cerithiidae"
"23",130,"Cerithiopsidae"
"24",135,"Eulimidae"
"25",141,"Calyptraeidae"
"26",143,"Velutinidae"
"27",148,"Muricidae spp."
"28",152,"Turridae"
"29",154,"Cephalaspidea"
"30",205,"Nuculanidae"
"31",211,"Mytilidae"
"32",213,"Pectinidae"
"33",214,"Anomiidae"
"34",222,"Lasaeidae"
"35",229,"Cardiidae"
"36",243,"Veneridae"
"37",243,"Veneridae spp."
"38",443,"Trochidae"
"39",558,"Porifera"
"40",793,"Platyhelminthes"
"41",799,"Nematoda"
"42",801,"Chlorophyta"
"43",830,"Phaeophyceae"
"44",852,"Rhodophyta"
"45",882,"Annelida"
"46",883,"Polychaeta"
"47",895,"Eunicida"
"48",902,"Orbiniidae"
"49",913,"Spionidae"
"50",919,"Cirratulidae"
"51",924,"Opheliidae"
"52",939,"Polynoidae"
"53",944,"Chrysopetalidae"
"54",948,"Syllidae"
"55",967,"Lumbrineridae"
"56",985,"Sabellidae"
"57",988,"Serpulidae"
"58",989,"Spirorbinae"
"59",1065,"Arthropoda"
"60",1066,"Crustacea"
"61",1078,"Ostracoda"
"62",1080,"Copepoda"
"63",1082,"Cirripedia"
"64",1100,"Calanoida"
"65",1101,"Cyclopoida"
"66",1102,"Harpacticoida"
"67",1128,"Euphausiacea"
"68",1130,"Decapoda"
"69",1131,"Isopoda"
"70",1133,"Tanaidacea"
"71",1135,"Amphipoda"
"72",1137,"Cumacea"
"73",1268,"Sipuncula"
"74",1302,"Pycnogonida"
"75",1337,"Hydrozoa"
"76",1341,"Octocorallia"
"77",1360,"Actiniaria"
"78",1363,"Scleractinia"
"79",1410,"Foraminifera"
"80",1484,"Halacaridae"
"81",1762,"Nudibranchia"
"82",1762,"Nudibranchia spp."
"83",1821,"Chordata"
"84",1839,"Ascidiacea"
"85",1839,"Ascidian"
"86",2036,"Oligochaeta"
"87",2041,"Hirudinea"
"88",11676,"Pisces"
"89",14629,"Galeommatoidea"
"90",14767,"Rissooidea"
"91",15308,"Corallinales"
"92",22496,"Nereididae"
"93",22989,"Architectonicidae"
"94",23009,"Columbellidae"
"95",23022,"Cypraeidae"
"96",23023,"Cystiscidae"
"97",23038,"Fasciolariidae spp."
"98",23075,"Nacellidae"
"99",23082,"Olividae"
"100",23100,"Potamididae"
"101",100701,"Condylactis"
"102",101361,"Caprellidae"
"103",101368,"Aoridae"
"104",101376,"Corophiidae"
"105",101380,"Eusiridae"
"106",101383,"Gammaridae"
"107",101388,"Isaeidae"
"108",101395,"Lysianassidae"
"109",101398,"Melphidippidae"
"110",101403,"Phoxocephalidae"
"111",101430,"Caprella"
"112",101436,"Phtisica"
"113",101445,"Ampelisca"
"114",101459,"Ampithoe"
"115",101460,"Cymadusa"
"116",101467,"Bemlos"
"117",101469,"Lembos"
"118",101474,"Unciola"
"119",101489,"Corophium"
"120",101537,"Gammarus"
"121",101554,"Iphimedia"
"122",101558,"Gammaropsis"
"123",101563,"Photis"
"124",101571,"Jassa"
"125",101580,"Leucothoe"
"126",101614,"Ichnopus"
"127",101671,"Elasmopus"
"128",101770,"Stenothoe"
"129",101830,"Caprella equilibra"
"130",101846,"Caprella penantis"
"131",102000,"Ampithoe ramondi"
"132",102005,"Ampithoe valida"
"133",102033,"Lembos websteri"
"134",102040,"Leptocheirus pilosus"
"135",102048,"Microdeutopus gryllotalpa"
"136",102101,"Corophium volutator"
"137",102276,"Gammarus duebeni"
"138",102296,"Gammarus tigrinus"
"139",102385,"Photis pollex"
"140",102401,"Ericthonius brasiliensis"
"141",102409,"Ericthonius rubricornis"
"142",102805,"Elasmopus rapax"
"143",103936,"Styela plicata"
"144",105689,"Carcharhinidae spp."
"145",105689,"Carcharhinidae spp."
"146",105797,"Carcharhinus plumbeus"
"147",105797,"Carcharhinus plumbeus"
"148",105800,"Negaprion brevirostris"
"149",105800,"Negaprion brevirostris"
"150",105817,"Sphyrna mokarran"
"151",105817,"Sphyrna mokarran"
"152",105846,"Ginglymostoma cirratum"
"153",106122,"Balanus"
"154",106673,"Brachyura"
"155",106673,"Brachyura spp."
"156",106674,"Caridea"
"157",106687,"Paguroidea"
"158",106687,"Paguroidea spp."
"159",106687,"Paguroidea spp. [striped]"
"160",106734,"Porcellanidae"
"161",106736,"Diogenidae spp."
"162",106763,"Portunidae spp."
"163",106765,"Panopeidae"
"164",106777,"Hippolytidae"
"165",106798,"Axiidae spp."
"166",106798,"Axiidae spp."
"167",106800,"Callianassidae"
"168",106800,"Callianassidae"
"169",106822,"Penaeus"
"170",106844,"Paguristes"
"171",106906,"Libinia"
"172",106921,"Callinectes"
"173",106978,"Alpheus"
"174",106978,"Alpheus spp."
"175",106987,"Hippolyte"
"176",106992,"Lysmata spp."
"177",106995,"Thor spp."
"178",107032,"Palaemon"
"179",107035,"Periclimenes"
"180",107044,"Pandalus"
"181",107060,"Panulirus spp."
"182",107335,"Libinia dubia"
"183",107379,"Callinectes sapidus"
"184",107381,"Carcinus maenas"
"185",107382,"Charybdis helleri"
"186",107412,"Dyspanopeus sayi"
"187",107414,"Rhithropanopeus harrisii"
"188",107457,"Pachygrapsus transversus"
"189",107458,"Percnon gibbesi"
"190",107519,"Latreutes fucorum"
"191",107534,"Thor amboinensis"
"192",107611,"Brachycarpus biunguiculatus"
"193",107611,"Brachycarpus biunguiculatus"
"194",110342,"Echiuroidea"
"195",110416,"Cumella"
"196",111158,"Bugula neritina"
"197",111673,"Victorella pavida"
"198",112080,"Amphistegina"
"199",112119,"Calcarina"
"200",112822,"Amphisorus hemprichii"
"201",112823,"Sorites orbiculus"
"202",113625,"Neorotalia calcar"
"203",115430,"Peltidium"
"204",117034,"Obelia"
"205",118100,"Chironomidae"
"206",118244,"Anthuridae"
"207",118274,"Cymothoidae spp."
"208",118283,"Idoteidae"
"209",118362,"Carpias"
"210",118437,"Gnathia"
"211",118454,"Idotea"
"212",118715,"Jaera albifrons"
"213",119039,"Idotea balthica"
"214",119042,"Idotea chelipes"
"215",119044,"Idotea granulosa"
"216",119822,"Mysidae"
"217",120177,"Praunus flexuosus"
"218",123084,"Ophiuroidea"
"219",123084,"Ophiuroidea spp."
"220",123182,"Synaptidae"
"221",123456,"Holothuria"
"222",123547,"Ophioderma"
"223",123592,"Ophiocoma sp."
"224",123776,"Asterias rubens"
"225",123795,"Coscinasterias tenuispina"
"226",124249,"Arbacia lixula"
"227",124332,"Diadema antillarum"
"228",124833,"Ophionereis reticulata"
"229",125064,"Amphipholis squamata"
"230",125122,"Ophiactis savignyi"
"231",125275,"Gorgoniidae"
"232",125427,"Congridae spp."
"233",125431,"Muraenidae spp."
"234",125431,"Muraenidae spp."
"235",125438,"Atherinidae spp."
"236",125451,"Belonidae"
"237",125464,"Clupeidae spp."
"238",125465,"Engraulidae spp."
"239",125519,"Blenniidae spp. (mottled brown)"
"240",125537,"Gobiidae"
"241",125537,"Gobiidae spp."
"242",125541,"Labridae spp."
"243",125606,"Syngnathidae spp."
"244",125635,"Enchelycore spp."
"245",125636,"Gymnothorax spp."
"246",125637,"Muraena spp."
"247",125721,"Sardinella"
"248",125726,"Megalops"
"249",125920,"Parablennius spp."
"250",126015,"Kyphosus spp."
"251",126110,"Bothus sp."
"252",126235,"Aluterus sp."
"253",126288,"Heteroconger longissimus"
"254",126302,"Gymnothorax vicinus"
"255",126302,"Gymnothorax vicinus"
"256",126372,"Synodus saurus"
"257",126373,"Synodus synodus"
"258",126422,"Sardinella aurita"
"259",126422,"Sardinella aurita"
"260",126430,"Megalops atlanticus"
"261",126769,"Ophioblennius atlanticus"
"262",126773,"Parablennius pilicornis"
"263",126782,"Scartella cristata"
"264",126802,"Caranx crysos"
"265",126803,"Caranx hippos"
"266",126804,"Caranx latus"
"267",126807,"Decapterus macarellus"
"268",126808,"Decapterus punctatus"
"269",126808,"Decapterus punctatus"
"270",126809,"Elagatis bipinnulata"
"271",126809,"Elagatis bipinnulata"
"272",126816,"Seriola dumerili"
"273",126816,"Seriola dumerili"
"274",126818,"Seriola rivoliana"
"275",126818,"Seriola rivoliana"
"276",126848,"Echeneis naucrates"
"277",126971,"Xyrichtys novacula"
"278",126983,"Mugil cephalus"
"279",127001,"Chromis limbata"
"280",127004,"Heteropriacanthus cruentatus"
"281",127005,"Priacanthus arenatus"
"282",127036,"Epinephelus marginatus"
"283",127063,"Pagrus pagrus"
"284",127232,"Dactylopterus volitans"
"285",127393,"Syngnathus typhle"
"286",127397,"Balistes vetula"
"287",127399,"Canthidermis sufflamen"
"288",127402,"Diodon holocanthus"
"289",127403,"Diodon hystrix"
"290",127411,"Canthigaster rostrata"
"291",129211,"Capitella"
"292",129230,"Mesochaetopterus spp."
"293",129278,"Eunice"
"294",129278,"Eunice spp."
"295",129379,"Nereis"
"296",129445,"Eulalia"
"297",129455,"Phyllodoce"
"298",129491,"Harmothoe"
"299",129496,"Lepidonotus"
"300",129620,"Prionospio"
"301",129645,"Amblyosyllis"
"302",129654,"Exogone"
"303",129680,"Syllis"
"304",129831,"Hermodice carunculata"
"305",130372,"Ceratonereis mirabilis"
"306",130593,"Pectinaria granulata"
"307",130769,"Harmothoe imbricata"
"308",131141,"Polydora ciliata"
"309",131143,"Polydora cornuta"
"310",135306,"Aurelia aurita"
"311",135306,"Aurelia aurita"
"312",135351,"Abyla"
"313",136025,"Phascolion"
"314",136185,"Apseudes"
"315",136235,"Leptochelia"
"316",136248,"Zeuxo"
"317",137205,"Caretta caretta"
"318",137206,"Chelonia mydas"
"319",137683,"Astarte"
"320",137705,"Engina spp."
"321",137716,"Bulla sp."
"322",137722,"Crepidula"
"323",137758,"Bittium"
"324",137760,"Cerithium spp."
"325",138054,"Haminoea"
"326",138068,"Hiatella"
"327",138081,"Hydrobia"
"328",138099,"Lacuna"
"329",138135,"Littorina"
"330",138142,"Tectura"
"331",138206,"Stramonita spp."
"332",138210,"Urosalpinx spp."
"333",138211,"Mya"
"334",138228,"Mytilus"
"335",138255,"Smaragdia"
"336",138268,"Octopus spp."
"337",138413,"Odostomia"
"338",138426,"Cymatium spp."
"339",138439,"Alvania"
"340",138457,"Rissoina"
"341",138508,"Skenea"
"342",138531,"Macoma"
"343",138533,"Tellina"
"344",138580,"Tritonia"
"345",138584,"Calliostoma spp"
"346",138584,"Calliostoma spp"
"347",138753,"Aplysia dactylomela"
"348",138753,"Aplysia dactylomela"
"349",138757,"Aplysia parvula"
"350",138878,"Buccinum undatum"
"351",138940,"Bulla striata"
"352",138963,"Crepidula fornicata"
"353",138998,"Cerastoderma edule"
"354",138999,"Cerastoderma glaucum"
"355",139407,"Corambe obscura"
"356",139604,"Donax vittatus"
"357",140170,"Lacuna vincta"
"358",140262,"Littorina littorea"
"359",140403,"Nucella lapillus"
"360",140429,"Urosalpinx cinerea"
"361",140467,"Modiolus modiolus"
"362",140472,"Musculus discors"
"363",140480,"Mytilus edulis"
"364",140482,"Mytilus trossulus"
"365",140570,"Smaragdia viridis"
"366",140605,"Octopus vulgaris"
"367",140657,"Crassostrea virginica"
"368",140780,"Pinna nobilis"
"369",141334,"Pusillina inconspicua"
"370",141341,"Pusillina sarsii"
"371",141359,"Rissoa membranacea"
"372",141365,"Rissoa parva"
"373",141539,"Skeneopsis planorbis"
"374",141579,"Macoma balthica"
"375",142028,"Tricladida"
"376",143673,"Delesseriaceae"
"377",143733,"Gigartinaceae"
"378",143816,"Caulerpa"
"379",143819,"Avrainvillea"
"380",143820,"Halimeda"
"381",143820,"Halimeda spp."
"382",143821,"Penicillus"
"383",143866,"Spyridia"
"384",143900,"Acanthophora"
"385",143914,"Laurencia"
"386",144012,"Jania"
"387",144018,"Lithothamnion"
"388",144051,"Peyssonnelia"
"389",144056,"Batophora"
"390",144086,"Dictyota"
"391",144087,"Lobophora spp."
"392",144088,"Padina"
"393",144126,"Cystoseira"
"394",144129,"Fucus"
"395",144132,"Sargassum"
"396",144136,"Pterocladia"
"397",144188,"Gracilaria"
"398",144237,"Champia"
"399",144267,"Valonia"
"400",144296,"Ulva"
"401",144452,"Bryopsis hypnoides"
"402",144471,"Caulerpa prolifera"
"403",144472,"Caulerpa racemosa"
"404",144474,"Caulerpa sertularioides"
"405",144481,"Halimeda discoidea"
"406",144482,"Halimeda opuntia"
"407",144483,"Halimeda tuna"
"408",144484,"Penicillus capitatus"
"409",144827,"Laurencia obtusa"
"410",145012,"Anadyomene stellata"
"411",145094,"Flabellia petiolata"
"412",145301,"Dasycladus vermicularis"
"413",145367,"Dictyota dichotoma"
"414",145381,"Lobophora variegata"
"415",145385,"Padina pavonica"
"416",145410,"Ectocarpus siliculosus"
"417",145546,"Fucus serratus"
"418",145634,"Hypnea musciformis"
"419",145635,"Hypnea spinella"
"420",145668,"Polyides rotunda"
"421",145713,"Halophila decipiens"
"422",145714,"Halophila stipulacea"
"423",145793,"Cymodocea nodosa"
"424",145794,"Posidonia oceanica"
"425",145857,"Colpomenia sinuosa"
"426",145930,"Ulothrix speciosa"
"427",145979,"Percursaria percursa"
"428",145984,"Ulva lactuca"
"429",146142,"Bryozoa"
"430",146537,"Cyanobacteria"
"431",146538,"Lyngbya"
"432",146802,"Chironomus"
"433",146895,"Aora typica"
"434",146922,"Melita nitida"
"435",147123,"Potamopyrgus antipodarum"
"436",148427,"Inachidae spp."
"437",148592,"Monocorophium insidiosum"
"438",148594,"Apocorophium lacustre"
"439",149668,"Mysida"
"440",149871,"Oreasteridae"
"441",151158,"Micropogonias undulatus"
"442",151177,"Morone americana"
"443",151267,"Phasianellidae"
"444",151414,"Labrisomidae spp."
"445",151456,"Gerreidae spp."
"446",151628,"Peringia ulvae"
"447",152223,"Syllinae"
"448",152302,"Hediste diversicolor"
"449",152352,"Osteichthyes"
"450",152391,"Nemertea"
"451",153558,"Theodoxus fluviatilis"
"452",153847,"Polydora websteri"
"453",154426,"Doradidae"
"454",154721,"Balistes capriscus"
"455",155081,"Sthenelais helenae"
"456",156484,"Neritimorpha"
"457",156734,"Anadara transversa"
"458",156803,"Gemma gemma"
"459",156817,"Argopecten irradians"
"460",156859,"Geukensia demissa"
"461",156861,"Ischadium recurvum"
"462",156887,"Mytilopsis leucophaeata"
"463",157001,"Tagelus plebeius"
"464",157179,"Aonides mayaguezensis"
"465",157483,"Mediomastus californiensis"
"466",157793,"Chthamalus fragilis"
"467",157854,"Microprotopus raneyi"
"468",157885,"Edotia triloba"
"469",157887,"Erichsonella attenuata"
"470",157975,"Coronadena mutabilis"
"471",158020,"Ampelisca abdita"
"472",158023,"Ampelisca verrilli"
"473",158026,"Ampithoe longimana"
"474",158032,"Batea catharinensis"
"475",158036,"Lysianopsis alba"
"476",158058,"Arbacia punctulata"
"477",158058,"Arbacia punctulata"
"478",158065,"Mellita quinquiesperforata"
"479",158082,"Cymadusa compta"
"480",158094,"Gammarus mucronatus"
"481",158113,"Leptocheirus plumulosus"
"482",158149,"Stenothoe minuta"
"483",158230,"Diadumene leucolena"
"484",158348,"Alpheus heterochaelis"
"485",158355,"Crangon septemspinosa"
"486",158360,"Hippolyte pleuracantha"
"487",158361,"Hippolyte zostericola"
"488",158365,"Lysmata wurdemanni"
"489",158365,"Lysmata wurdemanni"
"490",158416,"Eurypanopeus depressus"
"491",158424,"Hexapanopeus angustifrons"
"492",158428,"Mithrax"
"493",158428,"Mithrax spp."
"494",158429,"Mithrax hispidus"
"495",158435,"Ovalipes stephensoni"
"496",158436,"Panopeus herbstii"
"497",158497,"Luidia clathrata"
"498",158526,"Dasyatis americana"
"499",158532,"Sclerodactyla briareus"
"500",158562,"Anguilla rostrata"
"501",158583,"Gymnothorax funebris"
"502",158584,"Gymnothorax moringa"
"503",158637,"Myrichthys breviceps"
"504",158688,"Brevoortia spp."
"505",158691,"Brevoortia tyrannus"
"506",158695,"Opisthonema oglinum"
"507",158699,"Anchoa mitchilli"
"508",158759,"Synodus intermedius"
"509",158782,"Opsanus tau"
"510",158787,"Gobiesox strumosus"
"511",158806,"Haemulon spp."
"512",158807,"Haemulon aurolineatum"
"513",158808,"Haemulon plumierii"
"514",158815,"Halichoeres bivittatus"
"515",158822,"Lachnolaimus maximus"
"516",158919,"Acanthostracion polygonius"
"517",158920,"Acanthostracion quadricornis"
"518",158932,"Lactophrys triqueter"
"519",158935,"Sphoeroides spengleri"
"520",158936,"Sphoeroides testudineus"
"521",159165,"Citharichthys macrops"
"522",159195,"Ogcocephalus vespertilio"
"523",159222,"Epinephelus striatus"
"524",159227,"Menidia beryllina"
"525",159228,"Menidia menidia"
"526",159229,"Liopropoma spp."
"527",159231,"Mycteroperca bonaci"
"528",159235,"Rypticus maculatus"
"529",159236,"Serranus subligarius"
"530",159238,"Archosargus probatocephalus"
"531",159239,"Archosargus rhomboidalis"
"532",159240,"Calamus spp."
"533",159241,"Calamus bajonado"
"534",159242,"Calamus calamus"
"535",159245,"Calamus penna"
"536",159259,"Tylosurus crocodilus"
"537",159259,"Tylosurus crocodilus"
"538",159271,"Trinectes maculatus"
"539",159275,"Bothus ocellatus"
"540",159284,"Holacanthus bermudensis"
"541",159285,"Cyprinodon variegatus"
"542",159287,"Pomacanthus arcuatus"
"543",159288,"Abudefduf saxatilis"
"544",159291,"Stegastes leucostictus"
"545",159296,"Fundulus diaphanus"
"546",159298,"Nicholsina usta"
"547",159300,"Scarus coeruleus"
"548",159301,"Sparisoma rubripinne"
"549",159303,"Bairdiella chrysoura"
"550",159306,"Fundulus heteroclitus"
"551",159308,"Fundulus majalis"
"552",159310,"Lucania parva"
"553",159322,"Leiostomus xanthurus"
"554",159335,"Sciaenops ocellatus"
"555",159342,"Scomberomorus maculatus"
"556",159342,"Scomberomorus maculatus"
"557",159351,"Epinephelus adscensionis"
"558",159352,"Epinephelus guttatus"
"559",159353,"Epinephelus itajara"
"560",159354,"Epinephelus morio"
"561",159376,"Holocentrus spp."
"562",159378,"Holocentrus adscensionis"
"563",159385,"Myripristis jacobus"
"564",159401,"Sargocentron vexillarium"
"565",159416,"Mugil curema"
"566",159421,"Pseudupeneus maculatus"
"567",159445,"Hippocampus erectus"
"568",159450,"Syngnathus floridae"
"569",159451,"Syngnathus fuscus"
"570",159491,"Aluterus scriptus"
"571",159493,"Cantherhines pullus"
"572",159497,"Monacanthus ciliatus"
"573",159499,"Monacanthus tuckeri"
"574",159559,"Pterois volitans"
"575",159564,"Scorpaena plumieri"
"576",159573,"Prionotus ophryas"
"577",159578,"Acanthurus bahianus"
"578",159580,"Acanthurus chirurgus"
"579",159581,"Acanthurus coeruleus"
"580",159589,"Apogon maculatus"
"581",159590,"Apogon pseudomaculatus"
"582",159598,"Chasmodes bosquianus"
"583",159609,"Parablennius marmoreus"
"584",159615,"Diplogrammus pauciradiatus"
"585",159626,"Callionymus bairdi"
"586",159630,"Carangoides bartholomaei"
"587",159645,"Oligoplites saurus"
"588",159645,"Oligoplites saurus"
"589",159649,"Selene vomer"
"590",159649,"Selene vomer"
"591",159654,"Trachinotus goodei"
"592",159661,"Chaetodon capistratus"
"593",159662,"Chaetodon ocellatus"
"594",159663,"Chaetodon striatus"
"595",159678,"Echeneis neucratoides"
"596",159703,"Chaetodipterus faber"
"597",159731,"Eucinostomus spp."
"598",159733,"Eucinostomus gula"
"599",159735,"Coryphopterus spp."
"600",159735,"Coryphopterus spp."
"601",159736,"Coryphopterus glaucofraenum"
"602",159747,"Ctenogobius spp."
"603",159747,"Ctenogobius sp. [boleosoma]"
"604",159767,"Gobiosoma bosc"
"605",159786,"Thalassoma bifasciatum"
"606",159792,"Lutjanus analis"
"607",159793,"Lutjanus apodus"
"608",159794,"Lutjanus buccanella"
"609",159796,"Lutjanus cyanopterus"
"610",159797,"Lutjanus griseus"
"611",159798,"Lutjanus jocu"
"612",159799,"Lutjanus mahogoni"
"613",159800,"Lutjanus synagris"
"614",159803,"Ocyurus chrysurus"
"615",159813,"Sphyraena borealis"
"616",159912,"Littoridinops monroensis"
"617",160028,"Paracaprella tenuis"
"618",160041,"Pyramidella"
"619",160065,"Acteocina canaliculata"
"620",160091,"Turbonilla toyatani"
"621",160102,"Astyris lunata"
"622",160174,"Bittiolum varium"
"623",160203,"Circulus liratus"
"624",160222,"Costoanachis avara"
"625",160228,"Crepidula convexa"
"626",160336,"Lottia"
"627",160363,"Marshallora nigrocincta"
"628",160395,"Nassarius acutus"
"629",160412,"Spurwinkia salsa"
"630",160440,"Parvanachis obesa"
"631",160476,"Pyrgocythara plicosa"
"632",170417,"Clionaidae"
"633",176848,"Heterophoxus"
"634",177745,"Muricea spp."
"635",178186,"Linckia spp."
"636",178188,"Linckia guildingi"
"637",178210,"Oreaster reticulatus"
"638",178510,"Symploca"
"639",178641,"Luidia senegalensis"
"640",178747,"Echinaster brasiliensis"
"641",182578,"Nannastacus inflatus"
"642",182699,"Bithynia tentaculata"
"643",196285,"Modulidae"
"644",196286,"Modulus"
"645",196286,"Modulus spp."
"646",196894,"Eatoniellidae"
"647",203822,"Stegastes spp."
"648",204078,"Udotea"
"649",204354,"Isophyllia"
"650",204416,"Chevalia"
"651",204464,"Agaricia"
"652",204605,"Harengula spp."
"653",204679,"Pseudosquilla spp."
"654",204736,"Bathygobius spp"
"655",205700,"Euvola spp."
"656",205771,"Drupella spp."
"657",205785,"Palythoa"
"658",205902,"Millepora"
"659",205902,"Millepora spp."
"660",206126,"Drupa spp."
"661",206309,"Syringodium"
"662",206485,"Porites"
"663",206577,"Paradexamine"
"664",206653,"Santia"
"665",206740,"Meandrina"
"666",206854,"Thalassia"
"667",206989,"Acropora cervicornis"
"668",207238,"Porites porites"
"669",207432,"Favia fragum"
"670",207516,"Siderastrea siderea"
"671",207517,"Siderastrea radians"
"672",208126,"Coralliophila erosa"
"673",208387,"Oliva sayana"
"674",208599,"Columbella mercatoria"
"675",208677,"Calcinus latens"
"676",208921,"Cymodocea rotundata"
"677",208924,"Halodule uninervis"
"678",208925,"Halodule wrightii"
"679",208930,"Halophila ovalis"
"680",208931,"Thalassia hemprichii"
"681",208932,"Enhalus acoroides"
"682",210232,"Pseudosquilla ciliata"
"683",210242,"Gonodactylus chiragra"
"684",210370,"Stenopus hispidus"
"685",210522,"Alpheus paracrinitus"
"686",210726,"Millepora alcicornis"
"687",210900,"Holothuria floridana"
"688",211405,"Grandidierella bonnieroides"
"689",211408,"Chevalia aviculae"
"690",211515,"Halimeda copiosa"
"691",211519,"Halimeda incrassata"
"692",211535,"Udotea flabellum"
"693",211768,"Acanthophora spicifera"
"694",212298,"Culcita novaeguineae"
"695",213331,"Tropiometra carinata"
"696",213380,"Echinometra lucunter"
"697",213951,"Chondracanthus chamissoi"
"698",213998,"Eucheuma denticulatum"
"699",214711,"Lembos hypacanthus"
"700",214744,"Podocerus brasiliensis"
"701",214801,"Caprellina longicollis"
"702",216134,"Isophyllia sinuosa"
"703",216135,"Mussa angulosa"
"704",216687,"Cerithium litteratum"
"705",217426,"Aetobatus narinari"
"706",217976,"Solenostomus paradoxus"
"707",218706,"Kyphosus vaigiensis"
"708",218708,"Kyphosus cinerascens"
"709",218839,"Neopomacentrus cyanomos"
"710",218839,"Neopomacentrus cyanomos"
"711",219476,"Gnatholepis cauerensis"
"712",219881,"Melichthys niger"
"713",219964,"Chilomycterus reticulatus"
"714",220228,"Thalassodendron ciliatum"
"715",220697,"Cirolana parva"
"716",220766,"Paradexamine pacifica"
"717",220965,"Botryocladia leptopoda"
"718",221362,"Parhyale hawaiensis"
"719",224570,"Caenogastropoda"
"720",224572,"Cerithium atratum"
"721",224773,"Cerithium guinaicum"
"722",224977,"Cassis tuberosa"
"723",225252,"Nodipecten nodosus"
"724",225463,"Thalotia"
"725",225814,"Monocorophium acherusicum"
"726",226278,"Neomysis awatschensis"
"727",234030,"Ruppia"
"728",234031,"Ruppia maritima"
"729",234107,"Chaetodon sedentarius"
"730",234208,"Testudinalia testudinalis"
"731",234471,"Ulva intestinalis"
"732",234850,"Alitta succinea"
"733",236157,"Gracilaria vermiculophylla"
"734",236496,"Apolochus picadurus"
"735",236551,"Caprella scaura"
"736",236719,"Mimachlamys varia"
"737",238104,"Ecrobia ventrosa"
"738",238740,"Grandidierella japonica"
"739",240777,"Lytechinus"
"740",241109,"Cronius ruber"
"741",241128,"Menippe nodifrons"
"742",241200,"Pachygrapsus gracilis"
"743",241780,"Astichopus multifidus"
"744",241876,"Holothuria thomasi"
"745",243214,"Astrophyton muricatum"
"746",243214,"Astrophyton muricatum"
"747",245516,"Ophioderma brevispinum"
"748",246230,"Axiopsis serratifrons"
"749",246346,"Micropanope"
"750",246784,"Davidaster rubiginosus"
"751",246979,"Pagurapseudes"
"752",247538,"Hargeria rapax"
"753",247710,"Zeuxo marmoratus"
"754",248643,"Crabyzos"
"755",248921,"Lynseia"
"756",249103,"Paracerceis"
"757",252289,"Botrylloides niger"
"758",254882,"Acanthemblemaria spp."
"759",254883,"Acanthemblemaria spinosa"
"760",255042,"Meyenaster gelatinosus"
"761",256270,"Uromunna ubiquita"
"762",256965,"Cymodoce japonica"
"763",257859,"Erichsonella crenulata"
"764",259635,"Califanthura squamosissima"
"765",260378,"Excorallana tricornis"
"766",260565,"Harrieta faxoni"
"767",261817,"Paracerceis caudata"
"768",261827,"Paracerceis sculpta"
"769",261839,"Paradella dianae"
"770",261978,"Pentidotea resecata"
"771",267277,"Briareum"
"772",267453,"Gorgonia"
"773",267453,"Gorgonia spp."
"774",267499,"Iciligorgia spp."
"775",267604,"Muriceopsis spp."
"776",267606,"Mycetophyllia"
"777",267752,"Plexaura spp."
"778",267753,"Plexaurella spp."
"779",267779,"Pseudoplexaura spp."
"780",267781,"Pseudopterogorgia"
"781",267790,"Pterogorgia"
"782",268418,"Astrapogon spp."
"783",269045,"Elacatinus spp."
"784",269061,"Emblemariopsis spp."
"785",269073,"Enneanectes spp."
"786",269456,"Hypoplectrus spp."
"787",269456,"Hypoplectrus sp."
"788",269590,"Labrisomus spp."
"789",269590,"Labrisomus spp"
"790",269590,"Labrisomus spp."
"791",269590,"Labrisomus spp"
"792",269781,"Malacoctenus spp."
"793",271324,"Carcharhinus perezii"
"794",271324,"Carcharhinus perezii"
"795",271436,"Dasyatis hypostigma"
"796",271805,"Enchelycore carychroa"
"797",271852,"Gymnothorax miliaris"
"798",272982,"Apogon binotatus"
"799",273108,"Apogon townsendi"
"800",273125,"Ophioblennius macclurei"
"801",273369,"Prognathodes aculeatus"
"802",273540,"Bodianus pulchellus"
"803",273541,"Bodianus rufus"
"804",273602,"Xyrichtys martinicensis"
"805",273608,"Xyrichtys splendens"
"806",273718,"Chromis cyanea"
"807",273731,"Chromis insolata"
"808",273743,"Chromis multilineata"
"809",273756,"Chromis scotti"
"810",273771,"Sparisoma atomarium"
"811",273772,"Sparisoma aurofrenatum"
"812",273773,"Sparisoma axillare"
"813",273774,"Sparisoma chrysopterum"
"814",273775,"Sparisoma frondosum"
"815",273777,"Sparisoma radians"
"816",273779,"Sparisoma tuiupiranga"
"817",273780,"Sparisoma viride"
"818",273819,"Scomberomorus regalis"
"819",273876,"Mycteroperca acutirostris"
"820",273878,"Mycteroperca interstitialis"
"821",273884,"Mycteroperca tigris"
"822",273885,"Mycteroperca venenosa"
"823",273890,"Serranus annularis"
"824",273890,"Serranus annularis"
"825",273893,"Serranus baldwini"
"826",273896,"Serranus flaviventris"
"827",273908,"Serranus tabacarius"
"828",273909,"Serranus tigrinus"
"829",273910,"Serranus tortugarum"
"830",273972,"Diplodus holbrookii"
"831",273972,"Diplodus holbrookii"
"832",274187,"Bothus lunatus"
"833",274188,"Bothus maculiferus"
"834",274711,"Scorpaena grandicornis"
"835",274711,"Scorpaena grandicornis"
"836",274743,"Scorpaenodes caribbaeus"
"837",275219,"Syngnathus caribbaeus"
"838",275232,"Syngnathus scovelli"
"839",275239,"Chilomycterus antennatus"
"840",275240,"Chilomycterus antillarum"
"841",275276,"Sphoeroides greeleyi"
"842",275721,"Haemulon album"
"843",275724,"Haemulon carbonarium"
"844",275725,"Haemulon chrysargyreum"
"845",275727,"Haemulon flavolineatum"
"846",275728,"Haemulon macrostomum"
"847",275730,"Haemulon melanurum"
"848",275731,"Haemulon parra"
"849",275733,"Haemulon sciurus"
"850",275754,"Halichoeres brasiliensis"
"851",275760,"Halichoeres cyanocephalus"
"852",275764,"Halichoeres garnoti"
"853",275772,"Halichoeres maculipinna"
"854",275787,"Halichoeres penrosei"
"855",275788,"Halichoeres pictus"
"856",275790,"Halichoeres poeyi"
"857",275793,"Halichoeres radiatus"
"858",275800,"Halichoeres socialis"
"859",275874,"Lactophrys bicaudalis"
"860",275954,"Liopropoma rubre"
"861",275958,"Rypticus bistrispinus"
"862",275963,"Rypticus saponaceus"
"863",275964,"Rypticus subbifrenatus"
"864",275964,"Rypticus subbifrenatus"
"865",276012,"Holacanthus ciliaris"
"866",276017,"Holacanthus tricolor"
"867",276025,"Pomacanthus paru"
"868",276042,"Scarus coelestinus"
"869",276049,"Scarus guacamaia"
"870",276052,"Scarus iseri"
"871",276058,"Scarus quoyi"
"872",276058,"Scarus quoyi"
"873",276062,"Scarus taeniopterus"
"874",276064,"Scarus vetula"
"875",276066,"Scarus zelindae"
"876",276097,"Equetus punctatus"
"877",276134,"Gambusia holbrooki"
"878",276176,"Diplectrum bivittatum"
"879",276184,"Diplectrum radiale"
"880",276189,"Holocentrus rufus"
"881",276205,"Neoniphon marianus"
"882",276250,"Cantherhines macrocerus"
"883",276314,"Hypleurochilus fissicornis"
"884",276423,"Eucinostomus melanopterus"
"885",276424,"Coryphopterus alloides"
"886",276425,"Coryphopterus dicrus"
"887",276426,"Coryphopterus eidolon"
"888",276429,"Coryphopterus hyalinus"
"889",276430,"Coryphopterus kuna"
"890",276431,"Coryphopterus lipernes"
"891",276432,"Coryphopterus personatus"
"892",276434,"Coryphopterus thrix"
"893",276434,"Coryphopterus thrix"
"894",276442,"Opistognathus aurifrons"
"895",276463,"Opistognathus macrognathus"
"896",276480,"Opistognathus whitehursti"
"897",276488,"Ctenogobius saepepallens"
"898",276659,"Stegastes adustus"
"899",276666,"Stegastes diencaeus"
"900",276669,"Stegastes fuscus"
"901",276677,"Stegastes partitus"
"902",276678,"Stegastes pictus"
"903",276679,"Stegastes planifrons"
"904",276688,"Stegastes variabilis"
"905",276769,"Priolepis hipoliti"
"906",276954,"Gerres cinereus"
"907",277068,"Pempheris schomburgkii"
"908",277118,"Cryptotomus roseus"
"909",277120,"Ptereleotris calliura"
"910",277123,"Ptereleotris helenae"
"911",277261,"Malacanthus plumieri"
"912",277493,"Gnatholepis thompsoni"
"913",277551,"Harengula jaguana"
"914",277569,"Amblycirrhitus pinos"
"915",277991,"Mulloidichthys martinicus"
"916",278055,"Cosmocampus albirostris"
"917",278055,"Cosmocampus albirostris"
"918",278059,"Cosmocampus elucens"
"919",278080,"Aulostomus maculatus"
"920",278676,"Echidna catenata"
"921",278827,"Centropyge argi"
"922",279146,"Cephalopholis cruentata"
"923",279148,"Cephalopholis fulva"
"924",279443,"Acanthemblemaria aspera"
"925",279448,"Acanthemblemaria chaplini"
"926",279451,"Acanthemblemaria greenfieldi"
"927",279457,"Acanthemblemaria maria"
"928",279623,"Anisotremus surinamensis"
"929",279625,"Anisotremus virginicus"
"930",279773,"Astrapogon puncticulatus"
"931",279774,"Astrapogon stellatus"
"932",280064,"Centropomus parallelus"
"933",280105,"Chaenopsis limbaughi"
"934",280214,"Clepticus parrae"
"935",280598,"Elacatinus chancei"
"936",280600,"Elacatinus dilepis"
"937",280601,"Elacatinus evelynae"
"938",280602,"Elacatinus figaro"
"939",280605,"Elacatinus horsti"
"940",280606,"Elacatinus illecebrosus"
"941",280616,"Elacatinus oceanops"
"942",280619,"Elacatinus prochilos"
"943",280621,"Elacatinus randalli"
"944",280653,"Emblemaria pandionis"
"945",280658,"Emblemariopsis bahamensis"
"946",280663,"Emblemariopsis pricei"
"947",280677,"Enneanectes altivelis"
"948",280682,"Enneanectes pectoralis"
"949",280932,"Gramma loreto"
"950",281022,"Hemiemblemaria simulus"
"951",281112,"Hypoplectrus aberrans"
"952",281113,"Hypoplectrus chlorurus"
"953",281114,"Hypoplectrus gemma"
"954",281116,"Hypoplectrus guttavarius"
"955",281117,"Hypoplectrus indigo"
"956",281118,"Hypoplectrus nigricans"
"957",281120,"Hypoplectrus puella"
"958",281121,"Hypoplectrus unicolor"
"959",281180,"Inermia vittata"
"960",281252,"Labrisomus filamentosus"
"961",281257,"Labrisomus kalisherae"
"962",281260,"Labrisomus nuchipinnis"
"963",281396,"Lophogobius cyprinoides"
"964",281410,"Lucayablennius zingaro"
"965",281491,"Malacoctenus aurolineatus"
"966",281492,"Malacoctenus boehlkei"
"967",281494,"Malacoctenus delalandii"
"968",281500,"Malacoctenus macropus"
"969",281503,"Malacoctenus triangulatus"
"970",281571,"Microspathodon chrysurus"
"971",281732,"Nes longus"
"972",281837,"Odontoscion dentex"
"973",282021,"Paraclinus fasciatus"
"974",282021,"Paraclinus fasciatus"
"975",282027,"Paraclinus marmoratus"
"976",282027,"Paraclinus marmoratus"
"977",282084,"Paranthias furcifer"
"978",282139,"Pareques acuminatus"
"979",282143,"Pareques umbrosus"
"980",282620,"Risor ruber"
"981",282910,"Stygnobrotula latebricola"
"982",283086,"Urobatis jamaicensis"
"983",283090,"Urocampus carinirostris"
"984",285905,"Stylaster roseus"
"985",286778,"Cladocora arbuscula"
"986",287097,"Oculina diffusa"
"987",287107,"Madracis decactis"
"988",287112,"Madracis senaria"
"989",287166,"Cassiopea frondosa"
"990",287172,"Cassiopea xamachana"
"991",287421,"Millepora complanata"
"992",287425,"Millepora squarrosa"
"993",287852,"Scolymia cubensis"
"994",287853,"Scolymia lacera"
"995",287911,"Agaricia agaricites"
"996",287912,"Agaricia fragilis"
"997",287913,"Agaricia grahamae"
"998",287914,"Agaricia humilis"
"999",287915,"Agaricia lamarcki"
"1000",287915,"Agaricia Lamarcki"
"1001",287916,"Agaricia tenuifolia"
"1002",287962,"Montastraea cavernosa"
"1003",288227,"Acropora palmata"
"1004",288235,"Acropora prolifera"
"1005",288889,"Porites astreoides"
"1006",288902,"Porites furcata"
"1007",289232,"Meandrina meandrites"
"1008",289697,"Colpophyllia natans"
"1009",289806,"Dichocoenia stellaris"
"1010",289826,"Diploria labyrinthiformis"
"1011",289919,"Erythropodium caribaeorum"
"1012",289939,"Eusmilia fastigiata"
"1013",290083,"Helioseris cucullata"
"1014",290327,"Manicina areolata"
"1015",290424,"Mycetophyllia aliciae"
"1016",290425,"Mycetophyllia danaana"
"1017",290426,"Mycetophyllia ferox"
"1018",291054,"Solenastrea bournoni"
"1019",291055,"Solenastrea hyades"
"1020",291119,"Stephanocoenia intersepta"
"1021",291322,"Eunicea spp."
"1022",292944,"Anthuroidea"
"1023",293578,"Diplodus argenteus"
"1024",298438,"Carcharhinus perezi"
"1025",298438,"Carcharhinus perezi"
"1026",300551,"Sardinella brasiliensis"
"1027",301914,"Acanthurus tractus"
"1028",302312,"Caranx bartholomaei"
"1029",302312,"Caranx bartholomaei"
"1030",302432,"Caranx ruber"
"1031",303486,"Kyphosus sectatrix"
"1032",307126,"Stephanolepis hispida"
"1033",308599,"Haemulon plumieri"
"1034",309494,"Coryphopterus tortugae"
"1035",309498,"Opistognathus whitehurstii"
"1036",309498,"Opistognathus whitehurstii"
"1037",310415,"Halicampus crinitus"
"1038",314211,"Corvula batabana"
"1039",314341,"Emblemariopsis diaphana"
"1040",315166,"Paradiplogrammus bairdi"
"1041",317003,"Chalinops pauciradiatus"
"1042",318653,"Ioglossus helenae"
"1043",320988,"Rhinesomus triqueter"
"1044",322267,"Ulaema lefroyi"
"1045",325031,"Brachysyllis"
"1046",333453,"Exogone dispar"
"1047",334557,"Platynereis bicanaliculata"
"1048",341954,"Octopus briareus"
"1049",342241,"Sepioteuthis sepioidea"
"1050",342380,"Pickfordiateuthis pulchella"
"1051",345843,"Sphyraena barracuda"
"1052",346012,"Dissonidae"
"1053",366476,"Iridopagurus spp."
"1054",366484,"Iridopagurus reticulatus"
"1055",366662,"Pagurus brevidactylus"
"1056",366674,"Pagurus criniticornis"
"1057",366724,"Pagurus maclaughlinae"
"1058",366786,"Pagurus samuelis"
"1059",366818,"Phimochirus holthuisi"
"1060",366821,"Phimochirus operculatus"
"1061",367457,"Calcinus tibicen"
"1062",367527,"Clibanarius tricolor"
"1063",367581,"Dardanus fucosus"
"1064",367596,"Dardanus venosus"
"1065",367846,"Meoma ventricosa"
"1066",367850,"Lytechinus variegatus"
"1067",367868,"Isostichopus badionotus"
"1068",367962,"Clypeaster rosaceus"
"1069",367962,"Clypeaster rosaceus"
"1070",368215,"Paguristes cadenati"
"1071",368224,"Paguristes erythrops"
"1072",368275,"Paguristes puncticeps"
"1073",368285,"Paguristes sericeus"
"1074",368299,"Paguristes tortugae"
"1075",368346,"Petrochirus diogenes"
"1076",369177,"Leptasterias hexactis"
"1077",370153,"Rhipocephalus"
"1078",370445,"Batillaria"
"1079",373299,"Udotea conglutinata"
"1080",373717,"Halimeda monile"
"1081",374715,"Syringodium filiforme"
"1082",374716,"Syringodium isoetifolium"
"1083",374720,"Thalassia testudinum"
"1084",374722,"Halophila engelmannii"
"1085",377141,"Canistrocarpus cervicornis"
"1086",381797,"Avrainvillea nigricans f. spongiosa"
"1087",382003,"Chitonida"
"1088",382214,"Buccinoidea spp."
"1089",382524,"Rhipocephalus phoenix f. brevifolius"
"1090",382543,"Voluta polypleura"
"1091",382891,"Panulirus argus"
"1092",382896,"Panulirus guttatus"
"1093",382899,"Panulirus laevicauda"
"1094",382909,"Scyllarides aequinoctialis"
"1095",386549,"Cryptoconchus floridanus"
"1096",390557,"Luria cinerea"
"1097",390557,"Luria cinerea"
"1098",394269,"Argopecten purpuratus"
"1099",394864,"Caprella californica"
"1100",395176,"Penaeus aztecus"
"1101",396707,"Petrolisthes armatus"
"1102",396741,"Eucidaris tribuloides"
"1103",397024,"Boonea bisuturalis"
"1104",397026,"Brachidontes exustus"
"1105",397040,"Chione cancellata"
"1106",402646,"Hemiemblemaria simula"
"1107",402646,"Hemiemblemaria simula"
"1108",403903,"Salicornia"
"1109",404078,"Tedania ignis"
"1110",406356,"Calotrophon ostrearum"
"1111",406356,"Calotrophon ostrearum"
"1112",407876,"Murexsu oxytatus"
"1113",408934,"Neogonodactylus spp."
"1114",408934,"Neogonodactylus sp."
"1115",408942,"Neogonodactylus curacaoensis"
"1116",409037,"Lysiosquilla scabricauda"
"1117",410856,"Babelomurex mansfieldi"
"1118",411268,"Porites divaricata"
"1119",411814,"Pseudomelatomidae"
"1120",413385,"Prisogaster niger"
"1121",413389,"Astralium rhodostomum"
"1122",413408,"Lithopoma caelatum"
"1123",413409,"Lithopoma phoebium"
"1124",413459,"Lirularia"
"1125",413481,"Arene"
"1126",415424,"Globosolembos"
"1127",415649,"Mithraculus"
"1128",415649,"Mithraculus spp."
"1129",415843,"Podochela spp."
"1130",416054,"Tethygeneia"
"1131",416187,"Tolypella nidifica"
"1132",416205,"Myriophyllum spicatum"
"1133",416212,"Potamogeton perfoliatus"
"1134",416218,"Ruppia cirrhosa"
"1135",416222,"Zannichellia palustris"
"1136",417036,"Stylochus ellipticus"
"1137",418865,"Dendrogyra cylindrus"
"1138",419347,"Diodora sayi"
"1139",419449,"Cittarium pica"
"1140",419471,"Arene cruentata"
"1141",419483,"Eulithidium affine"
"1142",419487,"Eulithidium thalassicola"
"1143",419498,"Astralium phoebium"
"1144",419499,"Lithopoma tectum"
"1145",419521,"Cerithium eburneum"
"1146",419522,"Cerithium lutosum"
"1147",419523,"Cerithium muscarum"
"1148",419538,"Finella dubia"
"1149",419546,"Vermicularia knorrii"
"1150",419588,"Caecum floridanum"
"1151",419645,"Zebina browniana"
"1152",419695,"Strombus pugilis"
"1153",419701,"Calyptraea centralis"
"1154",419704,"Crepidula maculosa"
"1155",419722,"Macrocypraea cervus"
"1156",419722,"Macrocypraea cervus"
"1157",419723,"Macrocypraea zebra"
"1158",419806,"Epitonium candeanum"
"1159",419934,"Coralliophila galea"
"1160",419938,"Chicoreus dilectus"
"1161",419944,"Phyllonotus pomum"
"1162",419959,"Antillophos candeanus"
"1163",419959,"Antillophos candeanus"
"1164",419968,"Gemophos auritulus"
"1165",419969,"Gemophos tinctus"
"1166",419972,"Hesperisternia multangulus"
"1167",419978,"Pisania pusio"
"1168",420024,"Fasciolaria tulipa"
"1169",420044,"Leucozonia nassa"
"1170",420045,"Leucozonia ocellata"
"1171",420051,"Triplofusus giganteus"
"1172",420079,"Vasum muricatum"
"1173",420126,"Oliva reticularis"
"1174",420126,"Oliva reticularis"
"1175",420149,"Prunum apicinum"
"1176",420200,"Conus anabathrum"
"1177",420208,"Conus daucus"
"1178",420266,"Pyrgospira tampaensis"
"1179",420414,"Rissoella caribaea"
"1180",420437,"Boonea impressa"
"1181",420483,"Turbonilla dalli"
"1182",420514,"Japonactaeon punctostriatus"
"1183",420524,"Haminoea antillarum"
"1184",420526,"Haminoea succinea"
"1185",420528,"chelidonura hirundinina"
"1186",420572,"Elysia crispata"
"1187",420705,"Modiolus americanus"
"1188",420707,"Musculus lateralis"
"1189",420721,"Lunarca ovalis"
"1190",420736,"Isognomon alatus"
"1191",420742,"Pinna carnea"
"1192",420747,"Ctenoides scaber"
"1193",420819,"Chama sarda"
"1194",421139,"Amphibalanus improvisus"
"1195",421442,"Apolochus delacaya"
"1196",421444,"Hourstonius laguna"
"1197",421482,"Iphimedia zora"
"1198",421504,"Dulichiella appendiculata"
"1199",421508,"Elasmopus levis"
"1200",421523,"Quadrimaera quadrimana"
"1201",421562,"Globosolembos smithi"
"1202",421577,"Laticorophium baconi"
"1203",421581,"Deutella incerta"
"1204",421589,"Cerapus cudjoe"
"1205",421664,"Stenopus scutellatus"
"1206",421710,"Periclimenes pedersoni"
"1207",421712,"Periclimenes rathbunae"
"1208",421713,"Periclimenes yucatanicus"
"1209",421729,"Alpheus armatus"
"1210",421744,"Alpheus viridari"
"1211",421780,"Lysmata pederseni"
"1212",421784,"Tozeuma carolinense"
"1213",421821,"Corallianassa longiventris"
"1214",421875,"Petrolisthes galathinus"
"1215",421957,"Stenorhynchus seticornis"
"1216",421978,"Macrocoeloma laevigatum"
"1217",421984,"Microphrys bicornutus"
"1218",421984,"Microphrys bicornutus"
"1219",421986,"Mithraculus cinctimanus"
"1220",421987,"Mithraculus coryphe"
"1221",421988,"Mithraculus forceps"
"1222",421990,"Mithraculus sculptus"
"1223",421993,"Mithrax pilosus"
"1224",421994,"Mithrax spinosissimus"
"1225",421994,"Mithrax spinosissimus"
"1226",421995,"Mithrax verrucosus"
"1227",421995,"Mithrax verrucosus"
"1228",422051,"Carpilius corallinus"
"1229",422070,"Menippe mercenaria"
"1230",422075,"Eurypanopeus abbreviatus"
"1231",422081,"Hexapanopeus paulensis"
"1232",422086,"Panopeus occidentalis"
"1233",422097,"Pilumnus floridanus"
"1234",422097,"Pilumnus floridanus"
"1235",422113,"Nanoplax xanthiformis"
"1236",422151,"Dissodactylus crinitichelis"
"1237",422187,"Goniopsis cruentata"
"1238",422190,"Aratus pisonii"
"1239",422371,"Margaretta buski"
"1240",422489,"Lytechinus williamsi"
"1241",422490,"Tripneustes ventricosus"
"1242",422493,"Echinometra viridis"
"1243",422499,"Clypeaster subdepressus"
"1244",422675,"Bemlos spinicarpus"
"1245",422677,"Lembos unifasciatus"
"1246",423106,"Ampithoe lacertosa"
"1247",423136,"Anisogammarus pugettensis"
"1248",423256,"Caprella drepanochir"
"1249",424100,"Sipunculus phalloides"
"1250",429079,"Conus floridanus"
"1251",430664,"Madracis auretenra"
"1252",430854,"Caprella kroyeri"
"1253",430922,"Caprella tenuis"
"1254",430956,"Mayerella banksia"
"1255",432297,"Cyphoma gibbosum"
"1256",439056,"Mithracidae spp."
"1257",439295,"Taliepus"
"1258",439869,"Helograpsus"
"1259",441005,"Litocheira bispinosa"
"1260",441258,"Persephona punctata"
"1261",441784,"Halicarcinus ovatus"
"1262",442085,"Thersandrus compressus"
"1263",446438,"Lampanella minima"
"1264",446893,"Lacuna turrita"
"1265",450194,"Omalacantha spp."
"1266",451838,"Achelous ordwayi"
"1267",451838,"Achelous ordwayi"
"1268",458655,"Eoacmaea pustulata"
"1269",458661,"Strombus gigas"
"1270",468183,"Birubius"
"1271",473085,"Cacozeliana granarium"
"1272",475010,"Elacatinus colini"
"1273",475011,"Elacatinus lobeli"
"1274",475101,"Hyporthodus niveatus"
"1275",476531,"Monoplex parthenopeus"
"1276",484702,"Baculogypsina sphaerulata"
"1277",488672,"Aora hircosa"
"1278",488679,"Aoroides"
"1279",489425,"Paradexamine barnardi"
"1280",489427,"Paradexamine churinga"
"1281",491479,"Protohyale (Protohyale) frequens"
"1282",491492,"Protohyale (Boreohyale) rubra"
"1283",494468,"Elysia pratensis"
"1284",494795,"Acetabularia acetabulum"
"1285",495077,"Zostera marina"
"1286",495081,"Zostera muelleri"
"1287",495082,"Zostera noltei"
"1288",505429,"Ctenoides scabra"
"1289",505946,"Arcuatula senhousia"
"1290",505948,"Arcuatula papyria"
"1291",506596,"Ennucula niponica"
"1292",506660,"Nucula pisum"
"1293",507129,"Solemya pusilla"
"1294",507258,"Cumingia mutica"
"1295",510427,"Bulla gouldiana"
"1296",511367,"Anachis atkinsoni"
"1297",511520,"Mitrella lincolnensis"
"1298",511560,"Mitrella tuberosa"
"1299",511707,"Alia unifasciata"
"1300",513255,"Encope emarginata"
"1301",513432,"Paracentrotus gaimardi"
"1302",514452,"Palaemon intermedius"
"1303",514493,"Ancylomenes pedersoni"
"1304",514508,"Cuapetes americanus"
"1305",515262,"Heptacarpus paludicola"
"1306",515276,"Hippolyte californiensis"
"1307",515278,"Hippolyte clarki"
"1308",515283,"Hippolyte williamsi"
"1309",531851,"Lobatus raninus"
"1310",532293,"Haminoea petitii"
"1311",532716,"Cylichna discus"
"1312",532891,"Granulina ovuliformis"
"1313",534565,"Maera vagans"
"1314",547044,"Deflexilodes intermedius"
"1315",549331,"Chromopleustes"
"1316",549684,"Trachypleustes trevori"
"1317",550331,"Nasageneia quinsana"
"1318",557888,"Achelous sebae"
"1319",558675,"Chromodoris kempfi"
"1320",558675,"Chromodoris kempfi"
"1321",565363,"Lobatus costatus"
"1322",565363,"Lobatus costatus"
"1323",573277,"Cyanobacterium sp."
"1324",574096,"Ecrobia truncata"
"1325",575794,"Diffalaba"
"1326",579271,"Lunella undulata"
"1327",582489,"Lima scabra"
"1328",588573,"Stuckenia pectinata"
"1329",593472,"Emblemariopsis carib"
"1330",593554,"Emblemariopsis signifer"
"1331",593702,"Zostera nigricaulis"
"1332",597380,"Doriprismatica sedna"
"1333",597380,"Doriprismatica sedna"
"1334",598427,"Hinea"
"1335",607159,"Agathistoma spp."
"1336",626404,"Halodule pinifolia"
"1337",709212,"Coralliophila salebrosa"
"1338",712341,"Tigrigobius spp."
"1339",712604,"Hypoplectrus floridae"
"1340",712606,"Hypoplectrus randallorum"
"1341",714225,"Vasula deltoidea"
"1342",715680,"Alaba monile"
"1343",715997,"Zannichellia major"
"1344",718691,"Favia"
"1345",718718,"Pseudodiploria strigosa"
"1346",719478,"Caprellidira"
"1347",732238,"Holothuria grisea"
"1348",732363,"Holothuria mexicana"
"1349",738272,"Hydrachnidia"
"1350",742232,"Lysidice unicornis"
"1351",754174,"Errantia"
"1352",758259,"Orbicella spp."
"1353",758260,"Orbicella annularis"
"1354",758261,"Orbicella faveolata"
"1355",758262,"Orbicella franksi"
"1356",760885,"Mitrella aurantiaca"
"1357",766775,"Eatoniella afronigra"
"1358",798770,"Tanaididae"
"1359",818380,"Metassiminea"
"1360",826653,"Gobioclinus spp."
"1361",826653,"Gobioclinus spp."
"1362",827203,"Coralliophila abbreviata"
"1363",828326,"Pseudodiploria clivosa"
"1364",835177,"Elacatinus cayman"
"1365",835178,"Elacatinus centralis"
"1366",845921,"Angustassiminea californica"
"1367",865834,"Vitta virginea"
"1368",871477,"Komaitrochus pulcher"
"1369",877061,"Phrontis vibex"
"1370",877869,"Romaleon setosum"
"1371",878513,"Ameritella mitchelli"
"1372",878753,"Omalacantha bicornuta"
"1373",878834,"Phrikoceros"
"1374",880005,"Austromacoma constricta"
"1375",880865,"Chondrochelia dubia"
"1376",888530,"Esox niger"
"1377",889755,"Namanereis augeneri"
"1378",893242,"Dichocoenia stokesi"
"1379",932398,"Palaemon mundusnovus"
"1380",932401,"Palaemon pugio"
"1381",932406,"Palaemon vulgaris"
"1382",987079,"Maguimithrax spinosissimus"
"1383",989022,"Lepidoptera"
"1384",993098,"Gobioclinus bucciferus"
"1385",993099,"Gobioclinus gobio"
"1386",993099,"Gobioclinus gobio"
"1387",993100,"Gobioclinus guppyi"
"1388",999984,"Olgita pacifica"
"1389",1013581,"Tigrigobius dilepis"
"1390",1013785,"Tigrigobius saucrus"
"1391",1016103,"Tigrigobius macrodon"
"1392",1016103,"Tigrigobius macrodon"
"1393",1018630,"Gobioclinus kalisherae"
"1394",1019959,"Bidyanus bidyanus"
"1395",1021254,"Haemulon vittatum"
"1396",1021260,"Stegastes xanthurus"
"1397",1023582,"Monoplex martinianus"
"1398",1023582,"Monoplex martinianus"
"1399",1027144,"Alaba picta"
"1400",1042856,"Hypanus americanus"
"1401",1042858,"Hypanus guttatus"
"1402",1054108,"Pisaniidae spp."
"1403",1054953,"Caenanthura koreana"
"1404",1055679,"Amphilochida"
"1405",1058953,"Aplysiida"
"1406",1059699,"Panulirus meripurpuratus"
"1407",1075023,"Naria acicularis"
"1408",1258708,"Amphithrax aculeatus"
"1409",1258715,"Amphithrax hemphilli"
"1410",1258717,"Amphithrax pilosus"
"1411",1288085,"Ampullaceana balthica"
"1412",1327608,"Crassiphycus usneoides"
"1413",1335417,"Claremontiella nodulosa"
"1414",1370122,"Mycetophyllia lamarckana"
"1415",1374250,"Haloa japonica"
"1416",1379887,"Agarophyton chilense"
"1417",1389965,"Eques lanceolatus"
"1418",1429769,"Aliger gigas"
"1419",1429775,"Macrostrombus costatus"
"1420",1472329,"Lampasopsis thomae"
"1421",1472329,"Lampasopsis thomae"
"1422",1473917,"Oceana serrulata"
"1423",1493601,"Haemulon atlanticus"
"1424",1493649,"Hypanus berthalutzae"
"1425",1493910,"Orthopristis scapularis"
"1426",1497938,"Phrontis tiarula"
"1427",1507449,"Paranisotremus moricandi"
"1428",1507464,"Mithrax forceps"
"1429",1533045,"Halodule emarginata"
"1430",1541252,"Thor dicaprio"
"1431",1548543,"Agathistoma viridulum"
"1432",1557229,"Agathistoma fasciatum"
"1433",1577312,"Acanthostracion polygonium"
"1434",1577330,"Brachygenys chrysargyreum"
"1435",1579720,"Lysiosquilla glabriuscula"
"1436",1623786,"Azurina multilineata"
"1437",1660764,"Dapis pleousa"
"1438",1667999,"Pareques lineatus"
"1439",1736039,"Volutella muricata"
